g,b,a,c,seed,timeout,result,makespan,runtime,h_expanded,l_expanded,n_assignments
4,10,1,1,1,600,,2,0.000020,1,4,1
4,10,2,1,1,600,Unsolvable,,0.000001,0,0,0
4,10,2,2,1,600,,5,0.000118,3,59,2
4,10,3,1,1,600,,1,0.000017,1,7,1
4,10,3,2,1,600,Unsolvable,,0.000008,0,2,1
4,10,3,3,1,600,,0,0.000032,1,6,1
