g,b,a,c,seed,timeout,result,makespan,runtime,h_expanded,l_expanded,n_assignments
4,10,1,1,10,600,Unsolvable,,0.000012,0,1,1
4,10,2,1,10,600,,0,0.000032,1,4,1
4,10,2,2,10,600,,4,0.000057,1,10,1
4,10,3,1,10,600,Unsolvable,,0.000010,0,2,1
4,10,3,2,10,600,Unsolvable,,0.000002,0,0,0
4,10,3,3,10,600,Unsolvable,,0.000067,0,10,1
4,10,4,1,10,600,Unsolvable,,0.000002,0,0,0
4,10,4,2,10,600,,1,0.000198,3,51,3
