g,b,a,c,seed,timeout,result,makespan,runtime,h_expanded,l_expanded,n_assignments
4,10,1,1,11,600,Unsolvable,,0.000014,0,2,1
4,10,2,1,11,600,,0,0.000030,1,4,1
4,10,2,2,11,600,,0,0.000032,1,4,1
4,10,3,1,11,600,Timeout,,613.965210,12656981,576629928,2
4,10,3,2,11,600,,0,0.000049,1,6,1
