g,b,a,c,seed,timeout,result,makespan,runtime,h_expanded,l_expanded,n_assignments
4,10,1,1,14,600,Unsolvable,,0.000003,0,0,0
4,10,2,1,14,600,,0,0.000035,1,4,1
4,10,2,2,14,600,,3,0.000022,1,7,1
4,10,3,1,14,600,,4,0.000031,1,10,1
4,10,3,2,14,600,,7,0.183613,7015,132785,2
4,10,3,3,14,600,Unsolvable,,0.000020,0,3,1
4,10,4,1,14,600,,0,0.000022,1,8,1
4,10,4,2,14,600,Unsolvable,,0.000005,0,2,1
