g,b,a,c,seed,timeout,result,makespan,runtime,h_expanded,l_expanded,n_assignments
4,10,1,1,16,600,,2,0.000031,1,4,1
4,10,2,1,16,600,Unsolvable,,0.000010,0,2,1
4,10,2,2,16,600,,6,0.000248,3,56,2
4,10,3,1,16,600,Unsolvable,,0.000015,0,6,1
4,10,3,2,16,600,,3,0.000353,3,62,3
4,10,3,3,16,600,,2,0.000101,2,31,2
4,10,4,1,16,600,Unsolvable,,0.000008,0,6,1
4,10,4,2,16,600,,1,0.000112,3,46,3
