g,b,a,c,seed,timeout,result,makespan,runtime,h_expanded,l_expanded,n_assignments
4,10,1,1,19,600,Unsolvable,,0.000003,0,0,0
4,10,2,1,19,600,Unsolvable,,0.000002,0,0,0
4,10,2,2,19,600,Unsolvable,,0.000033,0,4,1
4,10,3,1,19,600,Unsolvable,,0.000038,0,5,1
4,10,3,2,19,600,,0,0.000081,1,6,1
4,10,3,3,19,600,Unsolvable,,0.000052,0,1,1
4,10,4,1,19,600,Unsolvable,,0.000009,0,2,1
4,10,4,2,19,600,,2,0.000081,1,11,1
