g,b,a,c,seed,timeout,result,makespan,runtime,h_expanded,l_expanded,n_assignments
4,10,1,1,5,600,Unsolvable,,0.000003,0,0,0
4,10,2,1,5,600,Unsolvable,,0.000002,0,0,0
4,10,2,2,5,600,,0,0.000034,1,4,1
4,10,3,1,5,600,,1,0.000035,1,7,1
4,10,3,2,5,600,Unsolvable,,0.000020,0,4,1
4,10,3,3,5,600,Unsolvable,,0.000040,0,2,1
4,10,4,1,5,600,,1,0.000017,1,9,1
4,10,4,2,5,600,Unsolvable,,0.000015,0,7,1
4,10,4,3,5,600,Unsolvable,,0.000031,0,4,1
