g,b,a,c,seed,timeout,result,makespan,runtime,h_expanded,l_expanded,n_assignments
3,10,1,1,14,600,,1,0.000028,1,3,1
3,10,2,1,14,600,,3,0.000386,8,113,2
3,10,2,2,14,600,,6,0.000388,9,169,2
3,10,3,1,14,600,,3,0.000135,4,84,3
3,10,3,2,14,600,,4,0.000182,3,93,3
3,10,3,3,14,600,,3,0.000116,2,35,2
3,10,4,1,14,600,,0,0.000021,1,8,1
3,10,4,2,14,600,,3,0.000531,18,320,4
3,10,4,3,14,600,,4,0.000425,11,211,3
3,10,4,4,14,600,,5,0.000590,9,216,4
3,10,5,1,14,600,,2,0.000206,5,113,5
