g,b,a,c,seed,timeout,result,makespan,runtime,h_expanded,l_expanded,n_assignments
3,10,1,1,14,600,,1,0.000017,1,3,1
3,10,2,1,14,600,,2,0.000082,4,45,2
3,10,2,2,14,600,,6,0.000279,9,169,2
3,10,3,1,14,600,,2,0.000100,3,56,3
3,10,3,2,14,600,,4,0.000274,6,154,4
3,10,3,3,14,600,,3,0.000117,2,35,2
3,10,4,1,14,600,,0,0.000021,1,8,1
3,10,4,2,14,600,,3,0.000787,30,483,4
3,10,4,3,14,600,,4,0.000771,23,428,3
3,10,4,4,14,600,,5,0.000586,9,216,4
3,10,5,1,14,600,,1,0.000195,5,103,5
