g,b,a,c,seed,timeout,result,makespan,runtime,h_expanded,l_expanded,n_assignments
3,10,1,1,4,600,,4,0.000057,1,6,1
3,10,2,1,4,600,,0,0.000034,1,4,1
3,10,2,2,4,600,,3,0.000074,1,7,1
3,10,3,1,4,600,,4,0.000189,3,78,3
3,10,3,2,4,600,,3,0.000249,11,149,2
3,10,3,3,4,600,,5,0.000433,4,115,3
3,10,4,1,4,600,,1,0.000082,1,9,1
3,10,4,2,4,600,,6,0.003595,100,2809,4
3,10,4,3,4,600,,7,2.173131,64392,1330902,3
