g,b,a,c,seed,timeout,result,makespan,runtime,h_expanded,l_expanded,n_assignments
3,10,1,1,4,600,,4,0.000050,1,6,1
3,10,2,1,4,600,,0,0.000019,1,4,1
3,10,2,2,4,600,,3,0.000069,1,7,1
3,10,3,1,4,600,,3,0.000393,5,92,3
3,10,3,2,4,600,,3,0.000219,10,121,2
3,10,3,3,4,600,,5,0.000637,4,108,3
3,10,4,1,4,600,,1,0.000092,1,9,1
3,10,4,2,4,600,,6,0.003289,109,2208,4
3,10,4,3,4,600,,7,9.168093,237941,5848862,3
