g,b,a,c,seed,timeout,result,makespan,runtime,h_expanded,l_expanded,n_assignments
3,10,1,1,4,600,,4,0.000054,1,6,1
3,10,2,1,4,600,,0,0.000018,1,4,1
3,10,2,2,4,600,,3,0.000034,1,7,1
3,10,3,1,4,600,,3,0.000392,5,92,3
3,10,3,2,4,600,,3,0.000218,10,121,2
3,10,3,3,4,600,,5,0.000550,4,108,3
3,10,4,1,4,600,,1,0.000090,1,9,1
3,10,4,2,4,600,,6,0.006053,109,2208,4
3,10,4,3,4,600,,7,9.121874,237941,5848862,3
