g,b,a,c,seed,timeout,result,makespan,runtime,h_expanded,l_expanded,n_assignments
3,10,1,1,6,600,,5,0.000058,1,7,1
3,10,2,1,6,600,,0,0.000027,1,4,1
3,10,2,2,6,600,,3,0.000079,1,9,1
3,10,3,1,6,600,,4,0.000096,2,53,2
3,10,3,2,6,600,,4,0.000102,2,45,2
3,10,3,3,6,600,,6,0.001629,35,686,3
3,10,4,1,6,600,,2,0.000196,2,37,2
3,10,4,2,6,600,,1,0.000135,1,9,1
3,10,4,3,6,600,,4,0.001011,31,615,3
3,10,4,4,6,600,,6,0.018081,548,9576,4
3,10,5,1,6,600,,3,0.001585,41,717,5
