g,b,a,c,seed,timeout,result,makespan,runtime,h_expanded,l_expanded,n_assignments
3,10,1,1,6,600,,5,0.000041,1,7,1
3,10,2,1,6,600,,0,0.000014,1,4,1
3,10,2,2,6,600,,3,0.000032,1,9,1
3,10,3,1,6,600,,4,0.000083,2,38,2
3,10,3,2,6,600,,4,0.000098,2,42,2
3,10,3,3,6,600,,6,0.001124,35,686,3
3,10,4,1,6,600,,2,0.000085,2,34,2
3,10,4,2,6,600,,1,0.000053,1,9,1
3,10,4,3,6,600,,4,0.001899,58,1156,3
3,10,4,4,6,600,,6,0.024621,792,13661,4
3,10,5,1,6,600,,3,0.001467,44,597,5
