g,b,a,c,seed,timeout,result,makespan,runtime,h_expanded,l_expanded,n_assignments
3,10,1,1,9,600,,3,0.000043,1,5,1
3,10,2,1,9,600,,0,0.000030,1,4,1
3,10,2,2,9,600,,4,0.000105,2,31,2
3,10,3,1,9,600,,0,0.000017,1,6,1
3,10,3,2,9,600,,3,0.000153,3,62,3
